﻿<parameters>
  <parameter name="IIS Web Application Name" defaultValue="Default Web Site/TRWeb_deploy" tags="IisApp">
    <parameterEntry kind="ProviderPath" scope="IisApp" match="^F:\\Information\ Technology\\Applications\ and\ Systems\\ERPMiddleware\\Source\\Development\\TRWeb\\TRWeb\\obj\\Debug\\Package\\PackageTmp$" />
    <parameterEntry kind="ProviderPath" scope="setAcl" match="^F:\\Information\ Technology\\Applications\ and\ Systems\\ERPMiddleware\\Source\\Development\\TRWeb\\TRWeb\\obj\\Debug\\Package\\PackageTmp$" />
  </parameter>
  <parameter name="ApplicationServices-Web.config Connection String" description="ApplicationServices Connection String used in web.config by the application to access the database." defaultValue="data source=.\SQLEXPRESS;Integrated Security=SSPI;AttachDBFilename=|DataDirectory|\aspnetdb.mdf;User Instance=true" tags="SqlConnectionString">
    <parameterEntry kind="XmlFile" scope="F:\\Information\ Technology\\Applications\ and\ Systems\\ERPMiddleware\\Source\\Development\\TRWeb\\TRWeb\\obj\\Debug\\Package\\PackageTmp\\Web\.config$" match="/configuration/connectionStrings/add[@name='ApplicationServices']/@connectionString" />
  </parameter>
  <parameter name="bizcashConnectionString-Web.config Connection String" description="bizcashConnectionString Connection String used in web.config by the application to access the database." defaultValue="Data Source=sqlent1\sql2012dev;Initial Catalog=bizcash;Persist Security Info=True;User ID=bizcashdbo;Password=&quot;OFu=m?ujriK[&quot;" tags="SqlConnectionString">
    <parameterEntry kind="XmlFile" scope="F:\\Information\ Technology\\Applications\ and\ Systems\\ERPMiddleware\\Source\\Development\\TRWeb\\TRWeb\\obj\\Debug\\Package\\PackageTmp\\Web\.config$" match="/configuration/connectionStrings/add[@name='bizcashConnectionString']/@connectionString" />
  </parameter>
</parameters>